{
    "Billionaires around the world - Statistics & Facts": 0.0,
    "Chart: The Number of Millionaires Has Skyrocketed": 0.0,
    "Visualizing the World's Growing Millionaire Population": 0.13333333333333333,
    "Forbes Richest World's Billionaires List 2024": 0.05,
    "Richest 1% bag nearly twice as much wealth as the rest of ...": 0.04000000000000001,
    "Global Wealth Report": 0.03333333333333333,
    "Distribution of wealth": 0.02857142857142857,
    "The World's Billionaires": 0.07500000000000001,
    "Visualizing the Pyramid of Global Wealth Distribution": 0.044444444444444446,
    "Number of people with $100 million has doubled since 2003": 0.04000000000000001
}