{
    "World,s Richest Arabs 2023 - Forbes Lists": 0.4,
    "Top 15 Richest Arabic Countries in 2024": 0.1,
    "20 Richest Arab Billionaires In The World": 0.06666666666666667,
    "\ud83d\udcb0 Richest Arabs in the World in 2024": 0.05,
    "List of Arabs by net worth": 0.04000000000000001,
    "WORLD'S RICHEST ARABS 2025": 0.1,
    "Forbes World's Billionaires List 2024: The Top 200": 0.05714285714285714,
    "The World's Richest Arabs": 0.05,
    "Arab Billionaires and Their Royal Lifestyles (2024)": 0.044444444444444446,
    "Where Do the Wealthiest People in the World Live in 2024?": 0.04000000000000001
}