{
    "Telda - The easiest way to send, spend and save money": 0.4,
    "Telda - Apps on Google Play": 2.1999999999999997,
    "Telda on the App Store - Apple": 5.200000000000002,
    "Telda": 1.7999999999999998,
    "General Terms of Service": 2.8000000000000003,
    "Egyptian consumer money app Telda raises $20M from ...": 2.8000000000000003,
    "Telda \u2013 Apps on Google Play": 4.800000000000002,
    "Mastercard and Telda Launch Egypt's First of its Kind Money ...": 4.200000000000001,
    "Telda (@teldaapp) \u2022 Instagram photos and videos": 4.000000000000001
}