{
    "Apple": 5.8000000000000025,
    "Apple Inc.": 1.0999999999999999,
    "iCloud": 0.8400000000000003
}