{
    "Economic Boycott": 0.2,
    "Boycott Israeli Goods & Services": 0.5,
    "What is BDS, the movement to boycott Israel with a new ...": 1.5000000000000002,
    "Israel's war on Gaza: Are boycotts hurting US brands?": 2.500000000000001,
    "What to Know About BDS, the Boycotts Against Israel": 3.700000000000002,
    "Boycotts of Israel": 4.899999999999999,
    "Boycott - CJPME - English": 6.399999999999993,
    "Boycotts List": 8.099999999999987
}