{
    "Google vs LinkedIn": 5.000000000000002,
    "Compare Working at Google vs LinkedIn": 1.0999999999999999,
    "Which company should I join, Linkedin or Google?": 0.44999999999999996,
    "Google versus LinkedIn ads : r/msp": 0.39999999999999997,
    "Compare working at Google vs LinkedIn": 0.5,
    "VS- Google SEO": 0.4,
    "LinkedIn Ads vs. Google Ads: A 30-Day Comparative ...": 0.4250000000000001,
    "Google Reviews vs. LinkedIn Recommendations": 0.4800000000000002
}