{
    "Apple": 8.700000000000001,
    "Apple Inc.": 14.79999999999998
}