{
    "Google": 12.199999999999989,
    "Browse All of Google's Products & Services": 5.000000000000002
}