{
    "Tesla vs. Apple: Is TSLA Stock Appropriately Valued Given ...": 0.8,
    "Magnificent No More? Apple and Tesla Stocks Are ...": 1.9999999999999998,
    "AAPL vs. TSLA \u2014 ETF comparison tool": 4.000000000000001,
    "Better Buy: Tesla vs. Apple": 6.200000000000003,
    "AAPL vs TSLA \u1409 Comparison: Which is Better to Invest?": 8.400000000000002,
    "Tesla vs Apple: Just One Has EXPLOSIVE Growth Potential": 11.199999999999992,
    "Apple is now worth $540 billion less than Microsoft": 14.39999999999998,
    "In a nutshell, we view Tesla where Apple was in the 2008 ...": 17.999999999999968
}