{
    "Ahmed Zewail": 2.4,
    "Ahmed Hassan Zewail. 26 February 1946\u20142 August 2016": 0.30000000000000004,
    "Ahmed H. Zewail | Nobel Prize-Winning Chemist": 0.2,
    "Ahmed Zewail, Nobel Laureate - UPenn Almanac": 0.15000000000000002,
    "Ahmed Zewail, Nobel laureate who sparked a 'revolution ...": 0.12000000000000002,
    "Dr. Ahmed Zewail": 0.29999999999999993,
    "Ahmed Zewail dies at age 70 | C&EN Global Enterprise": 0.1714285714285714,
    "In honor of Ahmed Zewail (1946-2016)": 0.15,
    "Ahmed H. Zewail, Nobel-Prize-Winning Chemist, Dies at 70": 0.12
}