{
    "Google vs LinkedIn": 4.600000000000001,
    "Compare Working at Google vs LinkedIn": 2.1999999999999997,
    "Which company should I join, Linkedin or Google?": 1.7999999999999998,
    "Google versus LinkedIn ads : r/msp": 1.9999999999999998,
    "Compare working at Google vs LinkedIn": 3.0000000000000004,
    "VS- Google SEO": 2.8000000000000003,
    "LinkedIn Ads vs. Google Ads: A 30-Day Comparative ...": 3.600000000000001,
    "Google Reviews vs. LinkedIn Recommendations": 4.800000000000002
}