{
    "Build for everyone \u2014 Google Careers": 0.0,
    "Search Jobs \u2014 Google Careers": 0.7999999999999999,
    "Students: Applying to Google": 0.26666666666666666,
    "Internships": 0.2,
    "Search Jobs - Build for everyone \u2014 Google Careers": 0.48,
    "Careers \u2013 Google Research": 0.2666666666666666,
    "Opportunity for everyone": 0.22857142857142854,
    "Careers on Air - Google": 0.19999999999999998,
    "Grow Your Career & Find Job Opportunities": 0.17777777777777776,
    "Programs": 0.16
}